<?xml version="1.0" encoding="UTF-8"?>
<project-private xmlns="http://www.netbeans.org/ns/project-private/1">
    <editor-bookmarks xmlns="http://www.netbeans.org/ns/editor-bookmarks/2" lastBookmarkId="0"/>
    <open-files xmlns="http://www.netbeans.org/ns/projectui-open-files/2">
        <group>
            <file>file:/C:/Users/Nearu/Desktop/JAVA%20213/Escape_Room/src/BedRoom.java</file>
            <file>file:/C:/Users/Nearu/Desktop/JAVA%20213/Escape_Room/src/Kitchen.java</file>
            <file>file:/C:/Users/Nearu/Desktop/JAVA%20213/Escape_Room/src/LivingRoom.java</file>
            <file>file:/C:/Users/Nearu/Desktop/JAVA%20213/Escape_Room/src/Player.java</file>
            <file>file:/C:/Users/Nearu/Desktop/JAVA%20213/Escape_Room/src/BathRoom.java</file>
            <file>file:/C:/Users/Nearu/Desktop/JAVA%20213/Escape_Room/src/SoundEffect.java</file>
        </group>
    </open-files>
</project-private>
